,,,abs(corr)
BitsStored_DICOM,chi2,critical_diff,0.8757594756154791
BitsStored_DICOM,chi2,critical_value,1.3247815034891956e-16
BitsStored_DICOM,chi2,distance,0.875759475615479
BitsStored_DICOM,chi2,dof,0.0
BitsStored_DICOM,chi2,pval,0.6026065856182912
Columns_DICOM,ks,critical_diff,0.8777754697962089
Columns_DICOM,ks,critical_value,0.0
Columns_DICOM,ks,distance,0.877775469796209
Columns_DICOM,ks,pval,0.2341614516885331
ExposureInuAs_DICOM,ks,critical_value,0.0
Exposure_DICOM,chi2,critical_diff,0.867588063560516
Exposure_DICOM,chi2,critical_value,1.3247815034891956e-16
Exposure_DICOM,chi2,distance,0.867588063560516
Exposure_DICOM,chi2,dof,0.0
Exposure_DICOM,chi2,pval,0.2482835582371324
Frontal,stats,mean,0.0
Frontal,stats,median,0.0
Frontal,stats,std,0.0
Manufacturer_DICOM,chi2,critical_diff,0.8819586620358438
Manufacturer_DICOM,chi2,critical_value,1.3247815034891956e-16
Manufacturer_DICOM,chi2,distance,0.8819586620358438
Manufacturer_DICOM,chi2,dof,0.0
Manufacturer_DICOM,chi2,pval,0.3658902829222509
Modality_DICOM,chi2,distance,0.0
Modality_DICOM,chi2,dof,0.0
Modality_DICOM,chi2,pval,0.0
PatientSex_DICOM,chi2,critical_diff,0.04021148161945229
PatientSex_DICOM,chi2,critical_value,0.24533139764535972
PatientSex_DICOM,chi2,distance,0.048654314529564854
PatientSex_DICOM,chi2,dof,0.24533139764535988
PatientSex_DICOM,chi2,pval,0.2870354540949813
PhotometricInterpretation_DICOM,chi2,distance,0.0
PhotometricInterpretation_DICOM,chi2,dof,0.0
PhotometricInterpretation_DICOM,chi2,pval,0.0
PixelAspectRatio_DICOM,chi2,critical_diff,0.904900016513385
PixelAspectRatio_DICOM,chi2,critical_value,1.3247815034891956e-16
PixelAspectRatio_DICOM,chi2,distance,0.9049000165133851
PixelAspectRatio_DICOM,chi2,dof,0.0
PixelAspectRatio_DICOM,chi2,pval,0.4106250051118645
PixelRepresentation_DICOM,chi2,distance,0.0
PixelRepresentation_DICOM,chi2,dof,0.0
PixelRepresentation_DICOM,chi2,pval,0.0
Projection,chi2,critical_diff,0.6927418955421288
Projection,chi2,critical_value,1.3247815034891956e-16
Projection,chi2,distance,0.6927418955421288
Projection,chi2,dof,0.0
Projection,chi2,pval,0.5742467416115619
RelativeXRayExposure_DICOM,ks,critical_value,0.0
Rows_DICOM,ks,critical_diff,0.4125022227653435
Rows_DICOM,ks,critical_value,0.0
Rows_DICOM,ks,distance,0.41250222276534343
Rows_DICOM,ks,pval,0.26275853821719364
SpatialResolution_DICOM,chi2,critical_diff,0.9579950911111749
SpatialResolution_DICOM,chi2,critical_value,0.8025460731880026
SpatialResolution_DICOM,chi2,distance,0.958020030841656
SpatialResolution_DICOM,chi2,dof,0.7943821852507517
SpatialResolution_DICOM,chi2,pval,0.2726978417849582
ViewPosition_DICOM,chi2,critical_diff,0.882934836562533
ViewPosition_DICOM,chi2,critical_value,1.3247815034891956e-16
ViewPosition_DICOM,chi2,distance,0.882934836562533
ViewPosition_DICOM,chi2,dof,0.0
ViewPosition_DICOM,chi2,pval,0.37689209412028557
WindowCenter_DICOM,ks,critical_value,0.0
WindowWidth_DICOM,ks,critical_value,0.0
XRayTubeCurrent_DICOM,chi2,critical_diff,0.7639320334089565
XRayTubeCurrent_DICOM,chi2,critical_value,0.0
XRayTubeCurrent_DICOM,chi2,distance,0.7639320334089564
XRayTubeCurrent_DICOM,chi2,dof,0.0
XRayTubeCurrent_DICOM,chi2,pval,0.1424392200057984
activation.Atelectasis,ks,critical_diff,0.96271663215703
activation.Atelectasis,ks,critical_value,0.0
activation.Atelectasis,ks,distance,0.9627166321570299
activation.Atelectasis,ks,pval,0.5545000691384109
activation.Cardiomegaly,ks,critical_diff,0.9727627483521408
activation.Cardiomegaly,ks,critical_value,0.0
activation.Cardiomegaly,ks,distance,0.9727627483521406
activation.Cardiomegaly,ks,pval,0.6561039415448078
activation.Consolidation,ks,critical_diff,0.9679001533979499
activation.Consolidation,ks,critical_value,0.0
activation.Consolidation,ks,distance,0.9679001533979499
activation.Consolidation,ks,pval,0.3929202045758944
activation.Edema,ks,critical_diff,0.9656539511019095
activation.Edema,ks,critical_value,0.0
activation.Edema,ks,distance,0.9656539511019095
activation.Edema,ks,pval,0.6486090228882945
activation.Lesion,ks,critical_diff,0.9505368997975476
activation.Lesion,ks,critical_value,0.0
activation.Lesion,ks,distance,0.9505368997975477
activation.Lesion,ks,pval,0.5792464648603347
activation.No Finding,ks,critical_diff,0.9737706973545202
activation.No Finding,ks,critical_value,0.0
activation.No Finding,ks,distance,0.9737706973545199
activation.No Finding,ks,pval,0.5299043120408565
activation.Opacity,ks,critical_diff,0.9675263231259337
activation.Opacity,ks,critical_value,0.0
activation.Opacity,ks,distance,0.9675263231259339
activation.Opacity,ks,pval,0.49182674559867373
activation.Pleural Abnormalities,ks,critical_diff,0.9686010851662845
activation.Pleural Abnormalities,ks,critical_value,0.0
activation.Pleural Abnormalities,ks,distance,0.9686010851662845
activation.Pleural Abnormalities,ks,pval,0.5033745810547946
activation.Pleural Effusion,ks,critical_diff,0.9678285107830658
activation.Pleural Effusion,ks,critical_value,0.0
activation.Pleural Effusion,ks,distance,0.9678285107830656
activation.Pleural Effusion,ks,pval,0.5031764707662518
activation.Pneumonia,ks,critical_diff,0.9671229021141436
activation.Pneumonia,ks,critical_value,0.0
activation.Pneumonia,ks,distance,0.9671229021141438
activation.Pneumonia,ks,pval,0.4261268557772062
age,ks,critical_diff,0.9575808422242079
age,ks,critical_value,0.0
age,ks,distance,0.9575808422242081
age,ks,pval,0.3613706410098817
in_distro,stats,mean,0.960070628499651
in_distro,stats,median,0.960070628499651
in_distro,stats,std,0.0
mu.000,ks,critical_diff,0.8070342220064544
mu.000,ks,critical_value,0.0
mu.000,ks,distance,0.8070342220064545
mu.000,ks,pval,0.5699843801848165
mu.001,ks,critical_diff,0.40071558705666926
mu.001,ks,critical_value,0.0
mu.001,ks,distance,0.40071558705666926
mu.001,ks,pval,0.5073150146557387
mu.002,ks,critical_diff,0.2905156354645777
mu.002,ks,critical_value,0.0
mu.002,ks,distance,0.29051563546457765
mu.002,ks,pval,0.2610539203167803
mu.003,ks,critical_diff,0.6095003976997023
mu.003,ks,critical_value,0.0
mu.003,ks,distance,0.6095003976997022
mu.003,ks,pval,0.5095888722267675
mu.004,ks,critical_diff,0.5882102255839927
mu.004,ks,critical_value,0.0
mu.004,ks,distance,0.5882102255839927
mu.004,ks,pval,0.5205551668579451
mu.005,ks,critical_diff,0.4972322754924214
mu.005,ks,critical_value,0.0
mu.005,ks,distance,0.4972322754924214
mu.005,ks,pval,0.5068113600643457
mu.006,ks,critical_diff,0.2886100148232453
mu.006,ks,critical_value,0.0
mu.006,ks,distance,0.2886100148232453
mu.006,ks,pval,0.05793905116573089
mu.007,ks,critical_diff,0.2867181480778201
mu.007,ks,critical_value,0.0
mu.007,ks,distance,0.2867181480778201
mu.007,ks,pval,0.05644818303277523
mu.008,ks,critical_diff,0.12989563140125054
mu.008,ks,critical_value,0.0
mu.008,ks,distance,0.12989563140125046
mu.008,ks,pval,0.030671005303479545
mu.009,ks,critical_diff,0.18439928431456679
mu.009,ks,critical_value,0.0
mu.009,ks,distance,0.1843992843145668
mu.009,ks,pval,0.05603101356895439
mu.010,ks,critical_diff,0.4441512233301747
mu.010,ks,critical_value,0.0
mu.010,ks,distance,0.44415122333017465
mu.010,ks,pval,0.0692615351117311
mu.011,ks,critical_diff,0.26917521826682606
mu.011,ks,critical_value,0.0
mu.011,ks,distance,0.26917521826682606
mu.011,ks,pval,0.061017318945334964
mu.012,ks,critical_diff,0.5177629984941182
mu.012,ks,critical_value,0.0
mu.012,ks,distance,0.5177629984941181
mu.012,ks,pval,0.5105407829166101
mu.013,ks,critical_diff,0.1868597057402701
mu.013,ks,critical_value,0.0
mu.013,ks,distance,0.1868597057402702
mu.013,ks,pval,0.28308292853360145
mu.014,ks,critical_diff,0.35125655931853483
mu.014,ks,critical_value,0.0
mu.014,ks,distance,0.3512565593185349
mu.014,ks,pval,0.3079927446027125
mu.015,ks,critical_diff,0.24592442548826243
mu.015,ks,critical_value,0.0
mu.015,ks,distance,0.24592442548826232
mu.015,ks,pval,0.48735457155817097
mu.016,ks,critical_diff,0.4088223799593557
mu.016,ks,critical_value,0.0
mu.016,ks,distance,0.4088223799593558
mu.016,ks,pval,0.3168351640917705
mu.017,ks,critical_diff,0.22475009526021092
mu.017,ks,critical_value,0.0
mu.017,ks,distance,0.2247500952602109
mu.017,ks,pval,0.3962554175909165
mu.018,ks,critical_diff,0.45999218597723257
mu.018,ks,critical_value,0.0
mu.018,ks,distance,0.45999218597723257
mu.018,ks,pval,0.06768775505948127
mu.019,ks,critical_diff,0.506645593725927
mu.019,ks,critical_value,0.0
mu.019,ks,distance,0.5066455937259271
mu.019,ks,pval,0.33413861913441995
mu.020,ks,critical_diff,0.4550746858343995
mu.020,ks,critical_value,0.0
mu.020,ks,distance,0.4550746858343996
mu.020,ks,pval,0.5557494802210593
mu.021,ks,critical_diff,0.5152155347731217
mu.021,ks,critical_value,0.0
mu.021,ks,distance,0.5152155347731218
mu.021,ks,pval,0.6196261280277298
mu.022,ks,critical_diff,0.312043685043988
mu.022,ks,critical_value,0.0
mu.022,ks,distance,0.31204368504398805
mu.022,ks,pval,0.13848286627413797
mu.023,ks,critical_diff,0.7043842805842048
mu.023,ks,critical_value,0.0
mu.023,ks,distance,0.7043842805842049
mu.023,ks,pval,0.5719791828190334
mu.024,ks,critical_diff,0.11480128217803848
mu.024,ks,critical_value,0.0
mu.024,ks,distance,0.11480128217803845
mu.024,ks,pval,0.2692909846311524
mu.025,ks,critical_diff,0.20261992133040146
mu.025,ks,critical_value,0.0
mu.025,ks,distance,0.20261992133040146
mu.025,ks,pval,0.2954300605505795
mu.026,ks,critical_diff,0.6350285332792045
mu.026,ks,critical_value,0.0
mu.026,ks,distance,0.6350285332792042
mu.026,ks,pval,0.4764404215764988
mu.027,ks,critical_diff,0.6757294258344164
mu.027,ks,critical_value,0.0
mu.027,ks,distance,0.6757294258344162
mu.027,ks,pval,0.5403367918040661
mu.028,ks,critical_diff,0.04156539728564447
mu.028,ks,critical_value,0.0
mu.028,ks,distance,0.04156539728564441
mu.028,ks,pval,0.34031055658755444
mu.029,ks,critical_diff,0.02511541301069236
mu.029,ks,critical_value,0.0
mu.029,ks,distance,0.025115413010692342
mu.029,ks,pval,0.11882806464204085
mu.030,ks,critical_diff,0.3617982124076144
mu.030,ks,critical_value,0.0
mu.030,ks,distance,0.3617982124076144
mu.030,ks,pval,0.2037121467600296
mu.031,ks,critical_diff,0.2066935977116335
mu.031,ks,critical_value,0.0
mu.031,ks,distance,0.20669359771163343
mu.031,ks,pval,0.36232638876124057
mu.032,ks,critical_diff,0.3983707419169873
mu.032,ks,critical_value,0.0
mu.032,ks,distance,0.39837074191698735
mu.032,ks,pval,0.1933482754646683
mu.033,ks,critical_diff,0.3624779665432936
mu.033,ks,critical_value,0.0
mu.033,ks,distance,0.36247796654329356
mu.033,ks,pval,0.2791265164453262
mu.034,ks,critical_diff,0.5282998775437217
mu.034,ks,critical_value,0.0
mu.034,ks,distance,0.5282998775437217
mu.034,ks,pval,0.32863033161881816
mu.035,ks,critical_diff,0.5274970183976243
mu.035,ks,critical_value,0.0
mu.035,ks,distance,0.5274970183976242
mu.035,ks,pval,0.48304399406739046
mu.036,ks,critical_diff,0.18132460584114418
mu.036,ks,critical_value,0.0
mu.036,ks,distance,0.18132460584114418
mu.036,ks,pval,0.38711786610107785
mu.037,ks,critical_diff,0.19966505904944115
mu.037,ks,critical_value,0.0
mu.037,ks,distance,0.19966505904944123
mu.037,ks,pval,0.04508784371379894
mu.038,ks,critical_diff,0.08090882527873564
mu.038,ks,critical_value,0.0
mu.038,ks,distance,0.08090882527873565
mu.038,ks,pval,0.37231853500876744
mu.039,ks,critical_diff,0.3886790465594881
mu.039,ks,critical_value,0.0
mu.039,ks,distance,0.38867904655948793
mu.039,ks,pval,0.12027520040760681
mu.040,ks,critical_diff,0.05474794163118488
mu.040,ks,critical_value,0.0
mu.040,ks,distance,0.054747941631184883
mu.040,ks,pval,0.10631841149883728
mu.041,ks,critical_diff,0.33554673600710555
mu.041,ks,critical_value,0.0
mu.041,ks,distance,0.33554673600710555
mu.041,ks,pval,0.17849208507715572
mu.042,ks,critical_diff,0.4364355756937818
mu.042,ks,critical_value,0.0
mu.042,ks,distance,0.4364355756937818
mu.042,ks,pval,0.3806661058082137
mu.043,ks,critical_diff,0.4451428672141305
mu.043,ks,critical_value,0.0
mu.043,ks,distance,0.4451428672141303
mu.043,ks,pval,0.49778459167617894
mu.044,ks,critical_diff,0.10087151466789541
mu.044,ks,critical_value,0.0
mu.044,ks,distance,0.10087151466789537
mu.044,ks,pval,0.047434164384035145
mu.045,ks,critical_diff,0.4606784114134831
mu.045,ks,critical_value,0.0
mu.045,ks,distance,0.460678411413483
mu.045,ks,pval,0.23894715820548473
mu.046,ks,critical_diff,0.7060267694641453
mu.046,ks,critical_value,0.0
mu.046,ks,distance,0.7060267694641453
mu.046,ks,pval,0.536685555539217
mu.047,ks,critical_diff,0.26576132761825977
mu.047,ks,critical_value,0.0
mu.047,ks,distance,0.26576132761825977
mu.047,ks,pval,0.08286903796228222
mu.048,ks,critical_diff,0.48833194749012726
mu.048,ks,critical_value,0.0
mu.048,ks,distance,0.48833194749012726
mu.048,ks,pval,0.3562418369470593
mu.049,ks,critical_diff,0.7567953907097644
mu.049,ks,critical_value,0.0
mu.049,ks,distance,0.7567953907097648
mu.049,ks,pval,0.6178224876476318
mu.050,ks,critical_diff,0.33335401448610424
mu.050,ks,critical_value,0.0
mu.050,ks,distance,0.33335401448610424
mu.050,ks,pval,0.16685852607009222
mu.051,ks,critical_diff,0.39397489091641363
mu.051,ks,critical_value,0.0
mu.051,ks,distance,0.39397489091641374
mu.051,ks,pval,0.45797961469475285
mu.052,ks,critical_diff,0.27692558853240823
mu.052,ks,critical_value,0.0
mu.052,ks,distance,0.27692558853240823
mu.052,ks,pval,0.010037379937792615
mu.053,ks,critical_diff,0.4157528727369526
mu.053,ks,critical_value,0.0
mu.053,ks,distance,0.4157528727369526
mu.053,ks,pval,0.12517326794359934
mu.054,ks,critical_diff,0.25700225549292743
mu.054,ks,critical_value,0.0
mu.054,ks,distance,0.25700225549292754
mu.054,ks,pval,0.060065912909422044
mu.055,ks,critical_diff,0.05694178755942725
mu.055,ks,critical_value,0.0
mu.055,ks,distance,0.05694178755942723
mu.055,ks,pval,0.2985724580338332
mu.056,ks,critical_diff,0.13819259436068007
mu.056,ks,critical_value,0.0
mu.056,ks,distance,0.13819259436068002
mu.056,ks,pval,0.2500233837940861
mu.057,ks,critical_diff,0.2950843331910375
mu.057,ks,critical_value,0.0
mu.057,ks,distance,0.2950843331910375
mu.057,ks,pval,0.06416593037017529
mu.058,ks,critical_diff,0.1683905132481867
mu.058,ks,critical_value,0.0
mu.058,ks,distance,0.16839051324818669
mu.058,ks,pval,0.12140601086853338
mu.059,ks,critical_diff,0.13132109662157873
mu.059,ks,critical_value,0.0
mu.059,ks,distance,0.1313210966215787
mu.059,ks,pval,0.43797857211306773
mu.060,ks,critical_diff,0.8241023355519609
mu.060,ks,critical_value,0.0
mu.060,ks,distance,0.8241023355519607
mu.060,ks,pval,0.4910864271709503
mu.061,ks,critical_diff,0.7160044733764657
mu.061,ks,critical_value,0.0
mu.061,ks,distance,0.7160044733764654
mu.061,ks,pval,0.5018502393696421
mu.062,ks,critical_diff,0.1601090355114085
mu.062,ks,critical_value,0.0
mu.062,ks,distance,0.1601090355114085
mu.062,ks,pval,0.24575716921716237
mu.063,ks,critical_diff,0.011553658303614944
mu.063,ks,critical_value,0.0
mu.063,ks,distance,0.011553658303614935
mu.063,ks,pval,0.11556870785606739
mu.064,ks,critical_diff,0.1373781920245244
mu.064,ks,critical_value,0.0
mu.064,ks,distance,0.13737819202452442
mu.064,ks,pval,0.059719164793552916
mu.065,ks,critical_diff,0.5986408078693883
mu.065,ks,critical_value,0.0
mu.065,ks,distance,0.5986408078693884
mu.065,ks,pval,0.559902778925335
mu.066,ks,critical_diff,0.08858568946813272
mu.066,ks,critical_value,0.0
mu.066,ks,distance,0.08858568946813283
mu.066,ks,pval,0.27160579281316505
mu.067,ks,critical_diff,0.6020680981531389
mu.067,ks,critical_value,0.0
mu.067,ks,distance,0.6020680981531387
mu.067,ks,pval,0.3757047347776854
mu.068,ks,critical_diff,0.39401303171410024
mu.068,ks,critical_value,0.0
mu.068,ks,distance,0.39401303171410024
mu.068,ks,pval,0.2717684210439122
mu.069,ks,critical_diff,0.7432565421923789
mu.069,ks,critical_value,0.0
mu.069,ks,distance,0.7432565421923789
mu.069,ks,pval,0.627411085165729
mu.070,ks,critical_diff,0.3383958724351015
mu.070,ks,critical_value,0.0
mu.070,ks,distance,0.33839587243510155
mu.070,ks,pval,0.08301312834522404
mu.071,ks,critical_diff,0.6560080328817716
mu.071,ks,critical_value,0.0
mu.071,ks,distance,0.6560080328817717
mu.071,ks,pval,0.5918105755337012
mu.072,ks,critical_diff,0.149936121085661
mu.072,ks,critical_value,0.0
mu.072,ks,distance,0.149936121085661
mu.072,ks,pval,0.00025470655046477787
mu.073,ks,critical_diff,0.27687983544982986
mu.073,ks,critical_value,0.0
mu.073,ks,distance,0.2768798354498299
mu.073,ks,pval,0.4919368518969821
mu.074,ks,critical_diff,0.25907458211439377
mu.074,ks,critical_value,0.0
mu.074,ks,distance,0.2590745821143938
mu.074,ks,pval,0.06918631629740145
mu.075,ks,critical_diff,0.11366156044722846
mu.075,ks,critical_value,0.0
mu.075,ks,distance,0.1136615604472285
mu.075,ks,pval,0.13370634224113728
mu.076,ks,critical_diff,0.9041350288964245
mu.076,ks,critical_value,0.0
mu.076,ks,distance,0.9041350288964244
mu.076,ks,pval,0.4774123365912096
mu.077,ks,critical_diff,0.1200773827472533
mu.077,ks,critical_value,0.0
mu.077,ks,distance,0.12007738274725338
mu.077,ks,pval,0.336475198851725
mu.078,ks,critical_diff,0.22314612406658418
mu.078,ks,critical_value,0.0
mu.078,ks,distance,0.2231461240665842
mu.078,ks,pval,0.39535493969712526
mu.079,ks,critical_diff,0.46263642938277416
mu.079,ks,critical_value,0.0
mu.079,ks,distance,0.46263642938277416
mu.079,ks,pval,0.2478203882419526
mu.080,ks,critical_diff,0.40573539333302766
mu.080,ks,critical_value,0.0
mu.080,ks,distance,0.40573539333302777
mu.080,ks,pval,0.5061752680618274
mu.081,ks,critical_diff,0.9162454710289667
mu.081,ks,critical_value,0.0
mu.081,ks,distance,0.9162454710289668
mu.081,ks,pval,0.5625381003706619
mu.082,ks,critical_diff,0.06328455898018913
mu.082,ks,critical_value,0.0
mu.082,ks,distance,0.0632845589801891
mu.082,ks,pval,0.026773557119897633
mu.083,ks,critical_diff,0.744408255490917
mu.083,ks,critical_value,0.0
mu.083,ks,distance,0.744408255490917
mu.083,ks,pval,0.6031195745999648
mu.084,ks,critical_diff,0.38427088058265296
mu.084,ks,critical_value,0.0
mu.084,ks,distance,0.384270880582653
mu.084,ks,pval,0.19795518874883739
mu.085,ks,critical_diff,0.18062443123594837
mu.085,ks,critical_value,0.0
mu.085,ks,distance,0.18062443123594832
mu.085,ks,pval,0.18818620126571206
mu.086,ks,critical_diff,0.19943829109885397
mu.086,ks,critical_value,0.0
mu.086,ks,distance,0.19943829109885408
mu.086,ks,pval,0.1458471875666092
mu.087,ks,critical_diff,0.7187702112384444
mu.087,ks,critical_value,0.0
mu.087,ks,distance,0.7187702112384443
mu.087,ks,pval,0.5696309195257905
mu.088,ks,critical_diff,0.40561741201268725
mu.088,ks,critical_value,0.0
mu.088,ks,distance,0.4056174120126873
mu.088,ks,pval,0.5085986412451928
mu.089,ks,critical_diff,0.25228909270465716
mu.089,ks,critical_value,0.0
mu.089,ks,distance,0.2522890927046571
mu.089,ks,pval,0.16065050378525245
mu.090,ks,critical_diff,0.06598277447154974
mu.090,ks,critical_value,0.0
mu.090,ks,distance,0.0659827744715498
mu.090,ks,pval,0.021802314639531126
mu.091,ks,critical_diff,0.569922869097458
mu.091,ks,critical_value,0.0
mu.091,ks,distance,0.569922869097458
mu.091,ks,pval,0.6272274149576337
mu.092,ks,critical_diff,0.718850735343956
mu.092,ks,critical_value,0.0
mu.092,ks,distance,0.7188507353439562
mu.092,ks,pval,0.5647075375238513
mu.093,ks,critical_diff,0.11530939500521228
mu.093,ks,critical_value,0.0
mu.093,ks,distance,0.11530939500521233
mu.093,ks,pval,0.2175878629482697
mu.094,ks,critical_diff,0.289850687492039
mu.094,ks,critical_value,0.0
mu.094,ks,distance,0.28985068749203907
mu.094,ks,pval,0.20467990843744197
mu.095,ks,critical_diff,0.5889933119207155
mu.095,ks,critical_value,0.0
mu.095,ks,distance,0.5889933119207155
mu.095,ks,pval,0.5610121697489105
mu.096,ks,critical_diff,0.62726707059271
mu.096,ks,critical_value,0.0
mu.096,ks,distance,0.6272670705927101
mu.096,ks,pval,0.4449914073640272
mu.097,ks,critical_diff,0.061689371143120654
mu.097,ks,critical_value,0.0
mu.097,ks,distance,0.061689371143120626
mu.097,ks,pval,0.053872438148912974
mu.098,ks,critical_diff,0.45375473439796404
mu.098,ks,critical_value,0.0
mu.098,ks,distance,0.4537547343979641
mu.098,ks,pval,0.24968852309716708
mu.099,ks,critical_diff,0.7023479177675453
mu.099,ks,critical_value,0.0
mu.099,ks,distance,0.7023479177675453
mu.099,ks,pval,0.5746878861018138
mu.100,ks,critical_diff,0.2771260635725462
mu.100,ks,critical_value,0.0
mu.100,ks,distance,0.2771260635725461
mu.100,ks,pval,0.5336324459925919
mu.101,ks,critical_diff,0.8422124701084895
mu.101,ks,critical_value,0.0
mu.101,ks,distance,0.8422124701084895
mu.101,ks,pval,0.47911125535592847
mu.102,ks,critical_diff,0.35691422250548915
mu.102,ks,critical_value,0.0
mu.102,ks,distance,0.356914222505489
mu.102,ks,pval,0.1229625348984133
mu.103,ks,critical_diff,0.17996236382118494
mu.103,ks,critical_value,0.0
mu.103,ks,distance,0.17996236382118497
mu.103,ks,pval,0.17011508535180966
mu.104,ks,critical_diff,0.542927547618433
mu.104,ks,critical_value,0.0
mu.104,ks,distance,0.542927547618433
mu.104,ks,pval,0.41166623845622397
mu.105,ks,critical_diff,0.24809213482243966
mu.105,ks,critical_value,0.0
mu.105,ks,distance,0.24809213482243964
mu.105,ks,pval,0.3426165534247727
mu.106,ks,critical_diff,0.7025136374949741
mu.106,ks,critical_value,0.0
mu.106,ks,distance,0.7025136374949741
mu.106,ks,pval,0.5800892525225427
mu.107,ks,critical_diff,0.2662451452223475
mu.107,ks,critical_value,0.0
mu.107,ks,distance,0.26624514522234755
mu.107,ks,pval,0.4564830064345578
mu.108,ks,critical_diff,0.8053009914179654
mu.108,ks,critical_value,0.0
mu.108,ks,distance,0.8053009914179655
mu.108,ks,pval,0.5457587790349667
mu.109,ks,critical_diff,0.032188422541302726
mu.109,ks,critical_value,0.0
mu.109,ks,distance,0.03218842254130276
mu.109,ks,pval,0.29184146252462356
mu.110,ks,critical_diff,0.7754748673448014
mu.110,ks,critical_value,0.0
mu.110,ks,distance,0.7754748673448014
mu.110,ks,pval,0.39606862493634937
mu.111,ks,critical_diff,0.0509225372641307
mu.111,ks,critical_value,0.0
mu.111,ks,distance,0.050922537264130645
mu.111,ks,pval,0.3518283739843425
mu.112,ks,critical_diff,0.20352722444948496
mu.112,ks,critical_value,0.0
mu.112,ks,distance,0.20352722444948496
mu.112,ks,pval,0.08762419365680367
mu.113,ks,critical_diff,0.07156472741619464
mu.113,ks,critical_value,0.0
mu.113,ks,distance,0.07156472741619466
mu.113,ks,pval,0.06795924297727549
mu.114,ks,critical_diff,0.30645978676206964
mu.114,ks,critical_value,0.0
mu.114,ks,distance,0.3064597867620697
mu.114,ks,pval,0.25162632806210994
mu.115,ks,critical_diff,0.09999403819878903
mu.115,ks,critical_value,0.0
mu.115,ks,distance,0.09999403819878905
mu.115,ks,pval,0.3861756054953817
mu.116,ks,critical_diff,0.7794719260519195
mu.116,ks,critical_value,0.0
mu.116,ks,distance,0.7794719260519198
mu.116,ks,pval,0.5709170540114061
mu.117,ks,critical_diff,0.2025143539659546
mu.117,ks,critical_value,0.0
mu.117,ks,distance,0.20251435396595463
mu.117,ks,pval,0.1984978852543073
mu.118,ks,critical_diff,0.3255377946253699
mu.118,ks,critical_value,0.0
mu.118,ks,distance,0.3255377946253699
mu.118,ks,pval,0.41095426789936174
mu.119,ks,critical_diff,0.5324851135835896
mu.119,ks,critical_value,0.0
mu.119,ks,distance,0.5324851135835897
mu.119,ks,pval,0.38241282345034383
mu.120,ks,critical_diff,0.015215737296817532
mu.120,ks,critical_value,0.0
mu.120,ks,distance,0.015215737296817567
mu.120,ks,pval,0.4053118900063109
mu.121,ks,critical_diff,0.2846257449017055
mu.121,ks,critical_value,0.0
mu.121,ks,distance,0.28462574490170556
mu.121,ks,pval,0.12877393576087895
mu.122,ks,critical_diff,0.35425805109575653
mu.122,ks,critical_value,0.0
mu.122,ks,distance,0.3542580510957564
mu.122,ks,pval,0.08976126513956056
mu.123,ks,critical_diff,0.6574151544434785
mu.123,ks,critical_value,0.0
mu.123,ks,distance,0.6574151544434784
mu.123,ks,pval,0.5800881137812659
mu.124,ks,critical_diff,0.17829492548216064
mu.124,ks,critical_value,0.0
mu.124,ks,distance,0.1782949254821607
mu.124,ks,pval,0.3835903050640944
mu.125,ks,critical_diff,0.03935811915283623
mu.125,ks,critical_value,0.0
mu.125,ks,distance,0.03935811915283615
mu.125,ks,pval,0.17329013097440468
mu.126,ks,critical_diff,0.417518380421714
mu.126,ks,critical_value,0.0
mu.126,ks,distance,0.417518380421714
mu.126,ks,pval,0.49620354715483395
mu.127,ks,critical_diff,0.5931853756814031
mu.127,ks,critical_value,0.0
mu.127,ks,distance,0.5931853756814032
mu.127,ks,pval,0.335768343221463